"SYSTEM", "1", "SYSTEM", "System Start", " "
"main", "2", "SYSTEM", "Thread Start", " main (1)"
"main", "3", "SYSTEM", "Type Load", " class=java.lang.Object"
"main", "4", "SYSTEM", "Type Load", " class=se.hig.oodp.lab.control.test.FigureHandlerTest"
"main", "5", "se/hig/oodp/lab/control/test/FigureHandlerTest.java:20", "Method Call", " caller=SYSTEM, target=se.hig.oodp.lab.control.test.FigureHandlerTest#<clinit>:1"
"main", "6", "se/hig/oodp/lab/control/test/FigureHandlerTest.java:18", "Method Entered", " "
"main", "7", "se/hig/oodp/lab/control/test/FigureHandlerTest.java:20", "Line Step", " file=se/hig/oodp/lab/control/test/FigureHandlerTest.java, line=20"
"main", "8", "se/hig/oodp/lab/control/test/FigureHandlerTest.java:20", "New Object", " object=int[]:1"
"main", "9", "se/hig/oodp/lab/control/test/FigureHandlerTest.java:20", "Field Write", " context=int[]:1, 0=-2"
"main", "10", "se/hig/oodp/lab/control/test/FigureHandlerTest.java:20", "Field Write", " context=int[]:1, 1=-1"
"main", "11", "se/hig/oodp/lab/control/test/FigureHandlerTest.java:20", "Field Write", " context=int[]:1, 2=0"
"main", "12", "se/hig/oodp/lab/control/test/FigureHandlerTest.java:20", "Field Write", " context=int[]:1, 3=1"
"main", "13", "se/hig/oodp/lab/control/test/FigureHandlerTest.java:20", "Field Write", " context=int[]:1, 4=2"
"main", "14", "se/hig/oodp/lab/control/test/FigureHandlerTest.java:20", "Field Write", " context=se.hig.oodp.lab.control.test.FigureHandlerTest, XCOORDS=int[]:1"
"main", "15", "se/hig/oodp/lab/control/test/FigureHandlerTest.java:21", "Line Step", " file=se/hig/oodp/lab/control/test/FigureHandlerTest.java, line=21"
"main", "16", "se/hig/oodp/lab/control/test/FigureHandlerTest.java:21", "New Object", " object=int[]:2"
"main", "17", "se/hig/oodp/lab/control/test/FigureHandlerTest.java:21", "Field Write", " context=int[]:2, 0=2"
"main", "18", "se/hig/oodp/lab/control/test/FigureHandlerTest.java:21", "Field Write", " context=int[]:2, 1=1"
"main", "19", "se/hig/oodp/lab/control/test/FigureHandlerTest.java:21", "Field Write", " context=int[]:2, 2=0"
"main", "20", "se/hig/oodp/lab/control/test/FigureHandlerTest.java:21", "Field Write", " context=int[]:2, 3=-1"
"main", "21", "se/hig/oodp/lab/control/test/FigureHandlerTest.java:21", "Field Write", " context=int[]:2, 4=-2"
"main", "22", "se/hig/oodp/lab/control/test/FigureHandlerTest.java:21", "Field Write", " context=se.hig.oodp.lab.control.test.FigureHandlerTest, YCOORDS=int[]:2"
"main", "23", "se/hig/oodp/lab/control/test/FigureHandlerTest.java:22", "Line Step", " file=se/hig/oodp/lab/control/test/FigureHandlerTest.java, line=22"
"main", "24", "se/hig/oodp/lab/control/test/FigureHandlerTest.java:22", "Method Exit", " returner=se.hig.oodp.lab.control.test.FigureHandlerTest#<clinit>:1, value=<void>"
"main", "25", "se/hig/oodp/lab/control/test/FigureHandlerTest.java:20", "Method Returned", " "
"main", "26", "se/hig/oodp/lab/control/test/FigureHandlerTest.java:26", "Method Call", " caller=SYSTEM, target=se.hig.oodp.lab.control.test.FigureHandlerTest#main:1"
"main", "27", "se/hig/oodp/lab/control/test/FigureHandlerTest.java:24", "Method Entered", " "
"main", "28", "SYSTEM", "Type Load", " class=java.lang.String"
"main", "29", "se/hig/oodp/lab/control/test/FigureHandlerTest.java:24", "New Object", " object=java.lang.String[]:1"
"main", "30", "se/hig/oodp/lab/control/test/FigureHandlerTest.java:24", "Variable Write", " context=se.hig.oodp.lab.control.test.FigureHandlerTest#main:1, args=java.lang.String[]:1"
"main", "31", "se/hig/oodp/lab/control/test/FigureHandlerTest.java:26", "Line Step", " file=se/hig/oodp/lab/control/test/FigureHandlerTest.java, line=26"
"main", "32", "SYSTEM", "Type Load", " class=se.hig.oodp.lab.control.implementation.FigureHandlerImpl"
"main", "33", "se/hig/oodp/lab/control/test/FigureHandlerTest.java:26", "New Object", " object=se.hig.oodp.lab.control.implementation.FigureHandlerImpl:1"
"main", "34", "se/hig/oodp/lab/control/test/FigureHandlerTest.java:26", "Method Call", " caller=se.hig.oodp.lab.control.test.FigureHandlerTest#main:1, target=se.hig.oodp.lab.control.implementation.FigureHandlerImpl:1#se.hig.oodp.lab.control.implementation.FigureHandlerImpl:1"
"main", "35", "se/hig/oodp/lab/control/implementation/FigureHandlerImpl.java:42", "Method Entered", " "
"main", "36", "se/hig/oodp/lab/control/implementation/FigureHandlerImpl.java:42", "Line Step", " file=se/hig/oodp/lab/control/implementation/FigureHandlerImpl.java, line=42"
"main", "37", "se/hig/oodp/lab/control/implementation/FigureHandlerImpl.java:44", "Line Step", " file=se/hig/oodp/lab/control/implementation/FigureHandlerImpl.java, line=44"
"main", "38", "se/hig/oodp/lab/control/implementation/FigureHandlerImpl.java:44", "Field Write", " context=se.hig.oodp.lab.control.implementation.FigureHandlerImpl:1, allFigures=java.util.ArrayList (id=41)"
"main", "39", "se/hig/oodp/lab/control/implementation/FigureHandlerImpl.java:45", "Line Step", " file=se/hig/oodp/lab/control/implementation/FigureHandlerImpl.java, line=45"
"main", "40", "se/hig/oodp/lab/control/implementation/FigureHandlerImpl.java:45", "Field Write", " context=se.hig.oodp.lab.control.implementation.FigureHandlerImpl:1, movableFigures=java.util.ArrayList (id=44)"
"main", "41", "se/hig/oodp/lab/control/implementation/FigureHandlerImpl.java:46", "Line Step", " file=se/hig/oodp/lab/control/implementation/FigureHandlerImpl.java, line=46"
"main", "42", "se/hig/oodp/lab/control/implementation/FigureHandlerImpl.java:46", "Field Write", " context=se.hig.oodp.lab.control.implementation.FigureHandlerImpl:1, rotatableFigures=java.util.ArrayList (id=45)"
"main", "43", "se/hig/oodp/lab/control/implementation/FigureHandlerImpl.java:47", "Line Step", " file=se/hig/oodp/lab/control/implementation/FigureHandlerImpl.java, line=47"
"main", "44", "se/hig/oodp/lab/control/implementation/FigureHandlerImpl.java:47", "Field Write", " context=se.hig.oodp.lab.control.implementation.FigureHandlerImpl:1, scalableFigures=java.util.ArrayList (id=46)"
"main", "45", "se/hig/oodp/lab/control/implementation/FigureHandlerImpl.java:48", "Line Step", " file=se/hig/oodp/lab/control/implementation/FigureHandlerImpl.java, line=48"
"main", "46", "se/hig/oodp/lab/control/implementation/FigureHandlerImpl.java:48", "Method Exit", " returner=se.hig.oodp.lab.control.implementation.FigureHandlerImpl:1#se.hig.oodp.lab.control.implementation.FigureHandlerImpl:1, value=<void>"
"main", "47", "se/hig/oodp/lab/control/test/FigureHandlerTest.java:26", "Method Returned", " "
"main", "48", "se/hig/oodp/lab/control/test/FigureHandlerTest.java:26", "Line Step", " file=se/hig/oodp/lab/control/test/FigureHandlerTest.java, line=26"
"main", "49", "se/hig/oodp/lab/control/test/FigureHandlerTest.java:26", "Variable Write", " context=se.hig.oodp.lab.control.test.FigureHandlerTest#main:1, figureHandlerImpl=se.hig.oodp.lab.control.implementation.FigureHandlerImpl:1"
"main", "50", "se/hig/oodp/lab/control/test/FigureHandlerTest.java:27", "Line Step", " file=se/hig/oodp/lab/control/test/FigureHandlerTest.java, line=27"
"main", "51", "se/hig/oodp/lab/control/test/FigureHandlerTest.java:27", "Field Read", " context=se.hig.oodp.lab.control.test.FigureHandlerTest, XCOORDS"
"main", "52", "se/hig/oodp/lab/control/test/FigureHandlerTest.java:27", "Field Read", " context=se.hig.oodp.lab.control.test.FigureHandlerTest, YCOORDS"
"main", "53", "se/hig/oodp/lab/control/test/FigureHandlerTest.java:27", "Method Call", " caller=se.hig.oodp.lab.control.test.FigureHandlerTest#main:1, target=se.hig.oodp.lab.control.implementation.FigureHandlerImpl:1#createPoint:1"
"main", "54", "se/hig/oodp/lab/control/implementation/FigureHandlerImpl.java:89", "Method Entered", " "
"main", "55", "se/hig/oodp/lab/control/implementation/FigureHandlerImpl.java:89", "Variable Write", " context=se.hig.oodp.lab.control.implementation.FigureHandlerImpl:1#createPoint:1, y=2.0"
"main", "56", "se/hig/oodp/lab/control/implementation/FigureHandlerImpl.java:89", "Variable Write", " context=se.hig.oodp.lab.control.implementation.FigureHandlerImpl:1#createPoint:1, x=-2.0"
"main", "57", "se/hig/oodp/lab/control/implementation/FigureHandlerImpl.java:91", "Line Step", " file=se/hig/oodp/lab/control/implementation/FigureHandlerImpl.java, line=91"
"main", "58", "SYSTEM", "Type Load", " class=se.hig.oodp.lab.model.simplefigure.SimpleFigure"
"main", "59", "SYSTEM", "Type Load", " class=se.hig.oodp.lab.model.simplefigure.Point"
"main", "60", "SYSTEM", "Type Load", " class=se.hig.oodp.lab.model.Vertex2D"
"main", "61", "se/hig/oodp/lab/control/implementation/FigureHandlerImpl.java:91", "New Object", " object=se.hig.oodp.lab.model.Vertex2D:1"
"main", "62", "se/hig/oodp/lab/control/implementation/FigureHandlerImpl.java:91", "Method Call", " caller=se.hig.oodp.lab.control.implementation.FigureHandlerImpl:1#createPoint:1, target=se.hig.oodp.lab.model.Vertex2D:1#se.hig.oodp.lab.model.Vertex2D:1"
"main", "63", "se/hig/oodp/lab/model/Vertex2D.java:24", "Method Entered", " "
"main", "64", "se/hig/oodp/lab/model/Vertex2D.java:24", "Variable Write", " context=se.hig.oodp.lab.model.Vertex2D:1#se.hig.oodp.lab.model.Vertex2D:1, x=-2.0"
"main", "65", "se/hig/oodp/lab/model/Vertex2D.java:24", "Variable Write", " context=se.hig.oodp.lab.model.Vertex2D:1#se.hig.oodp.lab.model.Vertex2D:1, y=2.0"
"main", "66", "se/hig/oodp/lab/model/Vertex2D.java:24", "Line Step", " file=se/hig/oodp/lab/model/Vertex2D.java, line=24"
"main", "67", "se/hig/oodp/lab/model/Vertex2D.java:26", "Line Step", " file=se/hig/oodp/lab/model/Vertex2D.java, line=26"
"main", "68", "se/hig/oodp/lab/model/Vertex2D.java:26", "Field Write", " context=se.hig.oodp.lab.model.Vertex2D:1, x=-2.0"
"main", "69", "se/hig/oodp/lab/model/Vertex2D.java:27", "Line Step", " file=se/hig/oodp/lab/model/Vertex2D.java, line=27"
"main", "70", "se/hig/oodp/lab/model/Vertex2D.java:27", "Field Write", " context=se.hig.oodp.lab.model.Vertex2D:1, y=2.0"
"main", "71", "se/hig/oodp/lab/model/Vertex2D.java:28", "Line Step", " file=se/hig/oodp/lab/model/Vertex2D.java, line=28"
"main", "72", "se/hig/oodp/lab/model/Vertex2D.java:28", "Method Exit", " returner=se.hig.oodp.lab.model.Vertex2D:1#se.hig.oodp.lab.model.Vertex2D:1, value=<void>"
"main", "73", "se/hig/oodp/lab/control/implementation/FigureHandlerImpl.java:91", "Method Returned", " "
"main", "74", "se/hig/oodp/lab/control/implementation/FigureHandlerImpl.java:91", "Line Step", " file=se/hig/oodp/lab/control/implementation/FigureHandlerImpl.java, line=91"
"main", "75", "se/hig/oodp/lab/control/implementation/FigureHandlerImpl.java:91", "New Object", " object=se.hig.oodp.lab.model.simplefigure.Point:1"
"main", "76", "se/hig/oodp/lab/control/implementation/FigureHandlerImpl.java:91", "Method Call", " caller=se.hig.oodp.lab.control.implementation.FigureHandlerImpl:1#createPoint:1, target=se.hig.oodp.lab.model.simplefigure.Point:1#se.hig.oodp.lab.model.simplefigure.Point:1"
"main", "77", "se/hig/oodp/lab/model/simplefigure/Point.java:25", "Method Entered", " "
"main", "78", "se/hig/oodp/lab/model/simplefigure/Point.java:25", "Variable Write", " context=se.hig.oodp.lab.model.simplefigure.Point:1#se.hig.oodp.lab.model.simplefigure.Point:1, position=se.hig.oodp.lab.model.Vertex2D:1"
"main", "79", "se/hig/oodp/lab/model/simplefigure/Point.java:27", "Line Step", " file=se/hig/oodp/lab/model/simplefigure/Point.java, line=27"
"main", "80", "se/hig/oodp/lab/model/simplefigure/Point.java:27", "Method Call", " caller=se.hig.oodp.lab.model.simplefigure.Point:1#se.hig.oodp.lab.model.simplefigure.Point:1, target=se.hig.oodp.lab.model.simplefigure.SimpleFigure:1#se.hig.oodp.lab.model.simplefigure.SimpleFigure:1"
"main", "81", "se/hig/oodp/lab/model/simplefigure/SimpleFigure.java:23", "Method Entered", " "
"main", "82", "se/hig/oodp/lab/model/simplefigure/SimpleFigure.java:23", "Variable Write", " context=se.hig.oodp.lab.model.simplefigure.SimpleFigure:1#se.hig.oodp.lab.model.simplefigure.SimpleFigure:1, position=se.hig.oodp.lab.model.Vertex2D:1"
"main", "83", "se/hig/oodp/lab/model/simplefigure/SimpleFigure.java:23", "Line Step", " file=se/hig/oodp/lab/model/simplefigure/SimpleFigure.java, line=23"
"main", "84", "se/hig/oodp/lab/model/simplefigure/SimpleFigure.java:25", "Line Step", " file=se/hig/oodp/lab/model/simplefigure/SimpleFigure.java, line=25"
"main", "85", "se/hig/oodp/lab/model/simplefigure/SimpleFigure.java:25", "Field Write", " context=se.hig.oodp.lab.model.simplefigure.SimpleFigure:1, position=se.hig.oodp.lab.model.Vertex2D:1"
"main", "86", "se/hig/oodp/lab/model/simplefigure/SimpleFigure.java:26", "Line Step", " file=se/hig/oodp/lab/model/simplefigure/SimpleFigure.java, line=26"
"main", "87", "se/hig/oodp/lab/model/simplefigure/SimpleFigure.java:26", "Method Exit", " returner=se.hig.oodp.lab.model.simplefigure.SimpleFigure:1#se.hig.oodp.lab.model.simplefigure.SimpleFigure:1, value=<void>"
"main", "88", "se/hig/oodp/lab/model/simplefigure/Point.java:27", "Method Returned", " "
"main", "89", "se/hig/oodp/lab/model/simplefigure/Point.java:28", "Line Step", " file=se/hig/oodp/lab/model/simplefigure/Point.java, line=28"
"main", "90", "se/hig/oodp/lab/model/simplefigure/Point.java:28", "Method Exit", " returner=se.hig.oodp.lab.model.simplefigure.Point:1#se.hig.oodp.lab.model.simplefigure.Point:1, value=<void>"
"main", "91", "se/hig/oodp/lab/control/implementation/FigureHandlerImpl.java:91", "Method Returned", " "
"main", "92", "se/hig/oodp/lab/control/implementation/FigureHandlerImpl.java:91", "Line Step", " file=se/hig/oodp/lab/control/implementation/FigureHandlerImpl.java, line=91"
"main", "93", "se/hig/oodp/lab/control/implementation/FigureHandlerImpl.java:91", "Variable Write", " context=se.hig.oodp.lab.control.implementation.FigureHandlerImpl:1#createPoint:1, p=se.hig.oodp.lab.model.simplefigure.Point:1"
"main", "94", "se/hig/oodp/lab/control/implementation/FigureHandlerImpl.java:93", "Line Step", " file=se/hig/oodp/lab/control/implementation/FigureHandlerImpl.java, line=93"
"main", "95", "se/hig/oodp/lab/control/implementation/FigureHandlerImpl.java:93", "Field Read", " context=se.hig.oodp.lab.control.implementation.FigureHandlerImpl:1, allFigures"
"main", "96", "se/hig/oodp/lab/control/implementation/FigureHandlerImpl.java:94", "Line Step", " file=se/hig/oodp/lab/control/implementation/FigureHandlerImpl.java, line=94"
"main", "97", "se/hig/oodp/lab/control/implementation/FigureHandlerImpl.java:94", "Field Read", " context=se.hig.oodp.lab.control.implementation.FigureHandlerImpl:1, movableFigures"
"main", "98", "se/hig/oodp/lab/control/implementation/FigureHandlerImpl.java:96", "Line Step", " file=se/hig/oodp/lab/control/implementation/FigureHandlerImpl.java, line=96"
"main", "99", "SYSTEM", "Type Load", " class=se.hig.oodp.lab.utility.DebugLogger"
"main", "100", "SYSTEM", "Method Call", " caller=se.hig.oodp.lab.control.implementation.FigureHandlerImpl:1#createPoint:1, target=se.hig.oodp.lab.utility.DebugLogger#<clinit>:1"
"main", "101", "se/hig/oodp/lab/utility/DebugLogger.java:19", "Method Entered", " "
"main", "102", "se/hig/oodp/lab/utility/DebugLogger.java:21", "Field Write", " context=se.hig.oodp.lab.utility.DebugLogger, log=java.util.logging.Logger (id=60)"
"main", "103", "se/hig/oodp/lab/utility/DebugLogger.java:22", "Field Write", " context=se.hig.oodp.lab.utility.DebugLogger, logHandler=java.util.logging.ConsoleHandler (id=62)"
"main", "104", "se/hig/oodp/lab/utility/DebugLogger.java:22", "Method Exit", " returner=se.hig.oodp.lab.utility.DebugLogger#<clinit>:1, value=<void>"
"main", "105", "SYSTEM", "Method Returned", " "
"main", "106", "se/hig/oodp/lab/control/implementation/FigureHandlerImpl.java:96", "Field Read", " context=se.hig.oodp.lab.utility.DebugLogger, log"
"main", "107", "se/hig/oodp/lab/control/implementation/FigureHandlerImpl.java:97", "Line Step", " file=se/hig/oodp/lab/control/implementation/FigureHandlerImpl.java, line=97"
"main", "108", "se/hig/oodp/lab/control/implementation/FigureHandlerImpl.java:97", "Method Exit", " returner=se.hig.oodp.lab.control.implementation.FigureHandlerImpl:1#createPoint:1, value=<void>"
"main", "109", "se/hig/oodp/lab/control/test/FigureHandlerTest.java:27", "Method Returned", " "
"main", "110", "se/hig/oodp/lab/control/test/FigureHandlerTest.java:38", "Line Step", " file=se/hig/oodp/lab/control/test/FigureHandlerTest.java, line=38"
"main", "111", "se/hig/oodp/lab/control/test/FigureHandlerTest.java:38", "Method Exit", " returner=se.hig.oodp.lab.control.test.FigureHandlerTest#main:1, value=<void>"
"main", "112", "se/hig/oodp/lab/control/test/FigureHandlerTest.java:26", "Method Returned", " "
"main", "113", "SYSTEM", "Thread End", " "
"SYSTEM", "114", "SYSTEM", "System End", " "
