"SYSTEM", "1", "SYSTEM", "System Start", " "
"main", "2", "SYSTEM", "Thread Start", " main (1)"
"main", "3", "SYSTEM", "Type Load", " class=java.lang.Object"
"main", "4", "SYSTEM", "Type Load", " class=se.hig.oodp.lab.control.test.FigureHandlerTest"
"main", "5", "se/hig/oodp/lab/control/test/FigureHandlerTest.java:20", "Method Call", " caller=SYSTEM, target=se.hig.oodp.lab.control.test.FigureHandlerTest#<clinit>:1"
"main", "6", "se/hig/oodp/lab/control/test/FigureHandlerTest.java:18", "Method Entered", " "
"main", "7", "se/hig/oodp/lab/control/test/FigureHandlerTest.java:20", "Line Step", " file=se/hig/oodp/lab/control/test/FigureHandlerTest.java, line=20"
"main", "8", "se/hig/oodp/lab/control/test/FigureHandlerTest.java:20", "New Object", " object=int[]:1"
"main", "9", "se/hig/oodp/lab/control/test/FigureHandlerTest.java:20", "Field Write", " context=int[]:1, 0=-2"
"main", "10", "se/hig/oodp/lab/control/test/FigureHandlerTest.java:20", "Field Write", " context=int[]:1, 1=-1"
"main", "11", "se/hig/oodp/lab/control/test/FigureHandlerTest.java:20", "Field Write", " context=int[]:1, 2=0"
"main", "12", "se/hig/oodp/lab/control/test/FigureHandlerTest.java:20", "Field Write", " context=int[]:1, 3=1"
"main", "13", "se/hig/oodp/lab/control/test/FigureHandlerTest.java:20", "Field Write", " context=int[]:1, 4=2"
"main", "14", "se/hig/oodp/lab/control/test/FigureHandlerTest.java:20", "Field Write", " context=se.hig.oodp.lab.control.test.FigureHandlerTest, XCOORDS=int[]:1"
"main", "15", "se/hig/oodp/lab/control/test/FigureHandlerTest.java:21", "Line Step", " file=se/hig/oodp/lab/control/test/FigureHandlerTest.java, line=21"
"main", "16", "se/hig/oodp/lab/control/test/FigureHandlerTest.java:21", "New Object", " object=int[]:2"
"main", "17", "se/hig/oodp/lab/control/test/FigureHandlerTest.java:21", "Field Write", " context=int[]:2, 0=2"
"main", "18", "se/hig/oodp/lab/control/test/FigureHandlerTest.java:21", "Field Write", " context=int[]:2, 1=1"
"main", "19", "se/hig/oodp/lab/control/test/FigureHandlerTest.java:21", "Field Write", " context=int[]:2, 2=0"
"main", "20", "se/hig/oodp/lab/control/test/FigureHandlerTest.java:21", "Field Write", " context=int[]:2, 3=-1"
"main", "21", "se/hig/oodp/lab/control/test/FigureHandlerTest.java:21", "Field Write", " context=int[]:2, 4=-2"
"main", "22", "se/hig/oodp/lab/control/test/FigureHandlerTest.java:21", "Field Write", " context=se.hig.oodp.lab.control.test.FigureHandlerTest, YCOORDS=int[]:2"
"main", "23", "se/hig/oodp/lab/control/test/FigureHandlerTest.java:22", "Line Step", " file=se/hig/oodp/lab/control/test/FigureHandlerTest.java, line=22"
"main", "24", "se/hig/oodp/lab/control/test/FigureHandlerTest.java:22", "Method Exit", " returner=se.hig.oodp.lab.control.test.FigureHandlerTest#<clinit>:1, value=<void>"
"main", "25", "se/hig/oodp/lab/control/test/FigureHandlerTest.java:20", "Method Returned", " "
"main", "26", "se/hig/oodp/lab/control/test/FigureHandlerTest.java:26", "Method Call", " caller=SYSTEM, target=se.hig.oodp.lab.control.test.FigureHandlerTest#main:1"
"main", "27", "se/hig/oodp/lab/control/test/FigureHandlerTest.java:24", "Method Entered", " "
"main", "28", "SYSTEM", "Type Load", " class=java.lang.String"
"main", "29", "se/hig/oodp/lab/control/test/FigureHandlerTest.java:24", "New Object", " object=java.lang.String[]:1"
"main", "30", "se/hig/oodp/lab/control/test/FigureHandlerTest.java:24", "Variable Write", " context=se.hig.oodp.lab.control.test.FigureHandlerTest#main:1, args=java.lang.String[]:1"
"main", "31", "se/hig/oodp/lab/control/test/FigureHandlerTest.java:26", "Line Step", " file=se/hig/oodp/lab/control/test/FigureHandlerTest.java, line=26"
"main", "32", "SYSTEM", "Type Load", " class=se.hig.oodp.lab.control.implementation.FigureHandlerImpl"
"main", "33", "se/hig/oodp/lab/control/test/FigureHandlerTest.java:26", "New Object", " object=se.hig.oodp.lab.control.implementation.FigureHandlerImpl:1"
"main", "34", "se/hig/oodp/lab/control/test/FigureHandlerTest.java:26", "Method Call", " caller=se.hig.oodp.lab.control.test.FigureHandlerTest#main:1, target=se.hig.oodp.lab.control.implementation.FigureHandlerImpl:1#se.hig.oodp.lab.control.implementation.FigureHandlerImpl:1"
"main", "35", "se/hig/oodp/lab/control/implementation/FigureHandlerImpl.java:42", "Method Entered", " "
"main", "36", "se/hig/oodp/lab/control/implementation/FigureHandlerImpl.java:42", "Line Step", " file=se/hig/oodp/lab/control/implementation/FigureHandlerImpl.java, line=42"
"main", "37", "se/hig/oodp/lab/control/implementation/FigureHandlerImpl.java:44", "Line Step", " file=se/hig/oodp/lab/control/implementation/FigureHandlerImpl.java, line=44"
"main", "38", "se/hig/oodp/lab/control/implementation/FigureHandlerImpl.java:44", "Field Write", " context=se.hig.oodp.lab.control.implementation.FigureHandlerImpl:1, allFigures=java.util.ArrayList (id=41)"
"main", "39", "se/hig/oodp/lab/control/implementation/FigureHandlerImpl.java:45", "Line Step", " file=se/hig/oodp/lab/control/implementation/FigureHandlerImpl.java, line=45"
"main", "40", "se/hig/oodp/lab/control/implementation/FigureHandlerImpl.java:45", "Field Write", " context=se.hig.oodp.lab.control.implementation.FigureHandlerImpl:1, movableFigures=java.util.ArrayList (id=44)"
"main", "41", "se/hig/oodp/lab/control/implementation/FigureHandlerImpl.java:46", "Line Step", " file=se/hig/oodp/lab/control/implementation/FigureHandlerImpl.java, line=46"
"main", "42", "se/hig/oodp/lab/control/implementation/FigureHandlerImpl.java:46", "Field Write", " context=se.hig.oodp.lab.control.implementation.FigureHandlerImpl:1, rotatableFigures=java.util.ArrayList (id=45)"
"main", "43", "se/hig/oodp/lab/control/implementation/FigureHandlerImpl.java:47", "Line Step", " file=se/hig/oodp/lab/control/implementation/FigureHandlerImpl.java, line=47"
"main", "44", "se/hig/oodp/lab/control/implementation/FigureHandlerImpl.java:47", "Field Write", " context=se.hig.oodp.lab.control.implementation.FigureHandlerImpl:1, scalableFigures=java.util.ArrayList (id=46)"
"main", "45", "se/hig/oodp/lab/control/implementation/FigureHandlerImpl.java:48", "Line Step", " file=se/hig/oodp/lab/control/implementation/FigureHandlerImpl.java, line=48"
"main", "46", "se/hig/oodp/lab/control/implementation/FigureHandlerImpl.java:48", "Method Exit", " returner=se.hig.oodp.lab.control.implementation.FigureHandlerImpl:1#se.hig.oodp.lab.control.implementation.FigureHandlerImpl:1, value=<void>"
"main", "47", "se/hig/oodp/lab/control/test/FigureHandlerTest.java:26", "Method Returned", " "
"main", "48", "se/hig/oodp/lab/control/test/FigureHandlerTest.java:26", "Line Step", " file=se/hig/oodp/lab/control/test/FigureHandlerTest.java, line=26"
"main", "49", "se/hig/oodp/lab/control/test/FigureHandlerTest.java:26", "Variable Write", " context=se.hig.oodp.lab.control.test.FigureHandlerTest#main:1, figureHandlerImpl=se.hig.oodp.lab.control.implementation.FigureHandlerImpl:1"
"main", "50", "se/hig/oodp/lab/control/test/FigureHandlerTest.java:30", "Line Step", " file=se/hig/oodp/lab/control/test/FigureHandlerTest.java, line=30"
"main", "51", "se/hig/oodp/lab/control/test/FigureHandlerTest.java:30", "Field Read", " context=se.hig.oodp.lab.control.test.FigureHandlerTest, XCOORDS"
"main", "52", "se/hig/oodp/lab/control/test/FigureHandlerTest.java:30", "Field Read", " context=se.hig.oodp.lab.control.test.FigureHandlerTest, YCOORDS"
"main", "53", "se/hig/oodp/lab/control/test/FigureHandlerTest.java:30", "Field Read", " context=se.hig.oodp.lab.control.test.FigureHandlerTest, XCOORDS"
"main", "54", "se/hig/oodp/lab/control/test/FigureHandlerTest.java:31", "Line Step", " file=se/hig/oodp/lab/control/test/FigureHandlerTest.java, line=31"
"main", "55", "se/hig/oodp/lab/control/test/FigureHandlerTest.java:31", "Field Read", " context=se.hig.oodp.lab.control.test.FigureHandlerTest, YCOORDS"
"main", "56", "se/hig/oodp/lab/control/test/FigureHandlerTest.java:30", "Line Step", " file=se/hig/oodp/lab/control/test/FigureHandlerTest.java, line=30"
"main", "57", "se/hig/oodp/lab/control/test/FigureHandlerTest.java:30", "Method Call", " caller=se.hig.oodp.lab.control.test.FigureHandlerTest#main:1, target=se.hig.oodp.lab.control.implementation.FigureHandlerImpl:1#createRectangle:1"
"main", "58", "se/hig/oodp/lab/control/implementation/FigureHandlerImpl.java:100", "Method Entered", " "
"main", "59", "se/hig/oodp/lab/control/implementation/FigureHandlerImpl.java:100", "Variable Write", " context=se.hig.oodp.lab.control.implementation.FigureHandlerImpl:1#createRectangle:1, a=-1.0"
"main", "60", "se/hig/oodp/lab/control/implementation/FigureHandlerImpl.java:100", "Variable Write", " context=se.hig.oodp.lab.control.implementation.FigureHandlerImpl:1#createRectangle:1, b=1.0"
"main", "61", "se/hig/oodp/lab/control/implementation/FigureHandlerImpl.java:100", "Variable Write", " context=se.hig.oodp.lab.control.implementation.FigureHandlerImpl:1#createRectangle:1, x=-2.0"
"main", "62", "se/hig/oodp/lab/control/implementation/FigureHandlerImpl.java:100", "Variable Write", " context=se.hig.oodp.lab.control.implementation.FigureHandlerImpl:1#createRectangle:1, y=2.0"
"main", "63", "se/hig/oodp/lab/control/implementation/FigureHandlerImpl.java:102", "Line Step", " file=se/hig/oodp/lab/control/implementation/FigureHandlerImpl.java, line=102"
"main", "64", "SYSTEM", "Type Load", " class=se.hig.oodp.lab.model.simplefigure.SimpleFigure"
"main", "65", "SYSTEM", "Type Load", " class=se.hig.oodp.lab.model.figure.Figure"
"main", "66", "SYSTEM", "Type Load", " class=se.hig.oodp.lab.model.figure.Rectangle"
"main", "67", "SYSTEM", "Type Load", " class=se.hig.oodp.lab.model.Vertex2D"
"main", "68", "se/hig/oodp/lab/control/implementation/FigureHandlerImpl.java:102", "New Object", " object=se.hig.oodp.lab.model.Vertex2D:1"
"main", "69", "se/hig/oodp/lab/control/implementation/FigureHandlerImpl.java:102", "Method Call", " caller=se.hig.oodp.lab.control.implementation.FigureHandlerImpl:1#createRectangle:1, target=se.hig.oodp.lab.model.Vertex2D:1#se.hig.oodp.lab.model.Vertex2D:1"
"main", "70", "se/hig/oodp/lab/model/Vertex2D.java:24", "Method Entered", " "
"main", "71", "se/hig/oodp/lab/model/Vertex2D.java:24", "Variable Write", " context=se.hig.oodp.lab.model.Vertex2D:1#se.hig.oodp.lab.model.Vertex2D:1, x=-2.0"
"main", "72", "se/hig/oodp/lab/model/Vertex2D.java:24", "Variable Write", " context=se.hig.oodp.lab.model.Vertex2D:1#se.hig.oodp.lab.model.Vertex2D:1, y=2.0"
"main", "73", "se/hig/oodp/lab/model/Vertex2D.java:24", "Line Step", " file=se/hig/oodp/lab/model/Vertex2D.java, line=24"
"main", "74", "se/hig/oodp/lab/model/Vertex2D.java:26", "Line Step", " file=se/hig/oodp/lab/model/Vertex2D.java, line=26"
"main", "75", "se/hig/oodp/lab/model/Vertex2D.java:26", "Field Write", " context=se.hig.oodp.lab.model.Vertex2D:1, x=-2.0"
"main", "76", "se/hig/oodp/lab/model/Vertex2D.java:27", "Line Step", " file=se/hig/oodp/lab/model/Vertex2D.java, line=27"
"main", "77", "se/hig/oodp/lab/model/Vertex2D.java:27", "Field Write", " context=se.hig.oodp.lab.model.Vertex2D:1, y=2.0"
"main", "78", "se/hig/oodp/lab/model/Vertex2D.java:28", "Line Step", " file=se/hig/oodp/lab/model/Vertex2D.java, line=28"
"main", "79", "se/hig/oodp/lab/model/Vertex2D.java:28", "Method Exit", " returner=se.hig.oodp.lab.model.Vertex2D:1#se.hig.oodp.lab.model.Vertex2D:1, value=<void>"
"main", "80", "se/hig/oodp/lab/control/implementation/FigureHandlerImpl.java:102", "Method Returned", " "
"main", "81", "se/hig/oodp/lab/control/implementation/FigureHandlerImpl.java:102", "Line Step", " file=se/hig/oodp/lab/control/implementation/FigureHandlerImpl.java, line=102"
"main", "82", "se/hig/oodp/lab/control/implementation/FigureHandlerImpl.java:102", "New Object", " object=se.hig.oodp.lab.model.figure.Rectangle:1"
"main", "83", "se/hig/oodp/lab/control/implementation/FigureHandlerImpl.java:102", "Method Call", " caller=se.hig.oodp.lab.control.implementation.FigureHandlerImpl:1#createRectangle:1, target=se.hig.oodp.lab.model.figure.Rectangle:1#se.hig.oodp.lab.model.figure.Rectangle:1"
"main", "84", "se/hig/oodp/lab/model/figure/Rectangle.java:31", "Method Entered", " "
"main", "85", "se/hig/oodp/lab/model/figure/Rectangle.java:31", "Variable Write", " context=se.hig.oodp.lab.model.figure.Rectangle:1#se.hig.oodp.lab.model.figure.Rectangle:1, width=-1.0"
"main", "86", "se/hig/oodp/lab/model/figure/Rectangle.java:31", "Variable Write", " context=se.hig.oodp.lab.model.figure.Rectangle:1#se.hig.oodp.lab.model.figure.Rectangle:1, height=1.0"
"main", "87", "se/hig/oodp/lab/model/figure/Rectangle.java:31", "Variable Write", " context=se.hig.oodp.lab.model.figure.Rectangle:1#se.hig.oodp.lab.model.figure.Rectangle:1, position=se.hig.oodp.lab.model.Vertex2D:1"
"main", "88", "se/hig/oodp/lab/model/figure/Rectangle.java:33", "Line Step", " file=se/hig/oodp/lab/model/figure/Rectangle.java, line=33"
"main", "89", "se/hig/oodp/lab/model/figure/Rectangle.java:33", "Method Call", " caller=se.hig.oodp.lab.model.figure.Rectangle:1#se.hig.oodp.lab.model.figure.Rectangle:1, target=se.hig.oodp.lab.model.figure.Figure:1#se.hig.oodp.lab.model.figure.Figure:1"
"main", "90", "se/hig/oodp/lab/model/figure/Figure.java:36", "Method Entered", " "
"main", "91", "se/hig/oodp/lab/model/figure/Figure.java:36", "Variable Write", " context=se.hig.oodp.lab.model.figure.Figure:1#se.hig.oodp.lab.model.figure.Figure:1, position=se.hig.oodp.lab.model.Vertex2D:1"
"main", "92", "se/hig/oodp/lab/model/figure/Figure.java:38", "Line Step", " file=se/hig/oodp/lab/model/figure/Figure.java, line=38"
"main", "93", "se/hig/oodp/lab/model/figure/Figure.java:38", "Method Call", " caller=se.hig.oodp.lab.model.figure.Figure:1#se.hig.oodp.lab.model.figure.Figure:1, target=se.hig.oodp.lab.model.simplefigure.SimpleFigure:1#se.hig.oodp.lab.model.simplefigure.SimpleFigure:1"
"main", "94", "se/hig/oodp/lab/model/simplefigure/SimpleFigure.java:23", "Method Entered", " "
"main", "95", "se/hig/oodp/lab/model/simplefigure/SimpleFigure.java:23", "Variable Write", " context=se.hig.oodp.lab.model.simplefigure.SimpleFigure:1#se.hig.oodp.lab.model.simplefigure.SimpleFigure:1, position=se.hig.oodp.lab.model.Vertex2D:1"
"main", "96", "se/hig/oodp/lab/model/simplefigure/SimpleFigure.java:23", "Line Step", " file=se/hig/oodp/lab/model/simplefigure/SimpleFigure.java, line=23"
"main", "97", "se/hig/oodp/lab/model/simplefigure/SimpleFigure.java:25", "Line Step", " file=se/hig/oodp/lab/model/simplefigure/SimpleFigure.java, line=25"
"main", "98", "se/hig/oodp/lab/model/simplefigure/SimpleFigure.java:25", "Field Write", " context=se.hig.oodp.lab.model.simplefigure.SimpleFigure:1, position=se.hig.oodp.lab.model.Vertex2D:1"
"main", "99", "se/hig/oodp/lab/model/simplefigure/SimpleFigure.java:26", "Line Step", " file=se/hig/oodp/lab/model/simplefigure/SimpleFigure.java, line=26"
"main", "100", "se/hig/oodp/lab/model/simplefigure/SimpleFigure.java:26", "Method Exit", " returner=se.hig.oodp.lab.model.simplefigure.SimpleFigure:1#se.hig.oodp.lab.model.simplefigure.SimpleFigure:1, value=<void>"
"main", "101", "se/hig/oodp/lab/model/figure/Figure.java:38", "Method Returned", " "
"main", "102", "se/hig/oodp/lab/model/figure/Figure.java:40", "Line Step", " file=se/hig/oodp/lab/model/figure/Figure.java, line=40"
"main", "103", "se/hig/oodp/lab/model/figure/Figure.java:40", "Field Write", " context=se.hig.oodp.lab.model.figure.Figure:1, vertices=java.util.ArrayList (id=63)"
"main", "104", "se/hig/oodp/lab/model/figure/Figure.java:41", "Line Step", " file=se/hig/oodp/lab/model/figure/Figure.java, line=41"
"main", "105", "se/hig/oodp/lab/model/figure/Figure.java:41", "Method Exit", " returner=se.hig.oodp.lab.model.figure.Figure:1#se.hig.oodp.lab.model.figure.Figure:1, value=<void>"
"main", "106", "se/hig/oodp/lab/model/figure/Rectangle.java:33", "Method Returned", " "
"main", "107", "se/hig/oodp/lab/model/figure/Rectangle.java:35", "Line Step", " file=se/hig/oodp/lab/model/figure/Rectangle.java, line=35"
"main", "108", "se/hig/oodp/lab/model/figure/Rectangle.java:35", "Field Write", " context=se.hig.oodp.lab.model.figure.Rectangle:1, width=-1.0"
"main", "109", "se/hig/oodp/lab/model/figure/Rectangle.java:36", "Line Step", " file=se/hig/oodp/lab/model/figure/Rectangle.java, line=36"
"main", "110", "se/hig/oodp/lab/model/figure/Rectangle.java:36", "Field Write", " context=se.hig.oodp.lab.model.figure.Rectangle:1, height=1.0"
"main", "111", "se/hig/oodp/lab/model/figure/Rectangle.java:38", "Line Step", " file=se/hig/oodp/lab/model/figure/Rectangle.java, line=38"
"main", "112", "se/hig/oodp/lab/model/figure/Rectangle.java:38", "Method Call", " caller=se.hig.oodp.lab.model.figure.Rectangle:1#se.hig.oodp.lab.model.figure.Rectangle:1, target=se.hig.oodp.lab.model.figure.Rectangle:1#calculateVerticesFromCenter:1"
"main", "113", "se/hig/oodp/lab/model/figure/Rectangle.java:67", "Method Entered", " "
"main", "114", "se/hig/oodp/lab/model/figure/Rectangle.java:77", "Line Step", " file=se/hig/oodp/lab/model/figure/Rectangle.java, line=77"
"main", "115", "se/hig/oodp/lab/model/figure/Rectangle.java:77", "Field Read", " context=se.hig.oodp.lab.model.figure.Rectangle:1, height"
"main", "116", "se/hig/oodp/lab/model/figure/Rectangle.java:77", "Variable Write", " context=se.hig.oodp.lab.model.figure.Rectangle:1#calculateVerticesFromCenter:1, halfHeight=0.5"
"main", "117", "se/hig/oodp/lab/model/figure/Rectangle.java:78", "Line Step", " file=se/hig/oodp/lab/model/figure/Rectangle.java, line=78"
"main", "118", "se/hig/oodp/lab/model/figure/Rectangle.java:78", "Field Read", " context=se.hig.oodp.lab.model.figure.Rectangle:1, width"
"main", "119", "se/hig/oodp/lab/model/figure/Rectangle.java:78", "Variable Write", " context=se.hig.oodp.lab.model.figure.Rectangle:1#calculateVerticesFromCenter:1, halfWidth=-0.5"
"main", "120", "se/hig/oodp/lab/model/figure/Rectangle.java:79", "Line Step", " file=se/hig/oodp/lab/model/figure/Rectangle.java, line=79"
"main", "121", "se/hig/oodp/lab/model/figure/Rectangle.java:79", "Field Read", " context=se.hig.oodp.lab.model.simplefigure.SimpleFigure:1, position"
"main", "122", "se/hig/oodp/lab/model/figure/Rectangle.java:79", "Method Call", " caller=se.hig.oodp.lab.model.figure.Rectangle:1#calculateVerticesFromCenter:1, target=se.hig.oodp.lab.model.Vertex2D:1#getX:1"
"main", "123", "se/hig/oodp/lab/model/Vertex2D.java:35", "Method Entered", " "
"main", "124", "se/hig/oodp/lab/model/Vertex2D.java:37", "Line Step", " file=se/hig/oodp/lab/model/Vertex2D.java, line=37"
"main", "125", "se/hig/oodp/lab/model/Vertex2D.java:37", "Field Read", " context=se.hig.oodp.lab.model.Vertex2D:1, x"
"main", "126", "se/hig/oodp/lab/model/Vertex2D.java:37", "Variable Write", " context=se.hig.oodp.lab.model.Vertex2D:1#getX:1, result=-2.0"
"main", "127", "se/hig/oodp/lab/model/Vertex2D.java:37", "Method Exit", " returner=se.hig.oodp.lab.model.Vertex2D:1#getX:1, value=-2.0"
"main", "128", "se/hig/oodp/lab/model/figure/Rectangle.java:79", "Method Returned", " "
"main", "129", "se/hig/oodp/lab/model/figure/Rectangle.java:79", "Line Step", " file=se/hig/oodp/lab/model/figure/Rectangle.java, line=79"
"main", "130", "se/hig/oodp/lab/model/figure/Rectangle.java:79", "Variable Write", " context=se.hig.oodp.lab.model.figure.Rectangle:1#calculateVerticesFromCenter:1, xCenter=-2.0"
"main", "131", "se/hig/oodp/lab/model/figure/Rectangle.java:80", "Line Step", " file=se/hig/oodp/lab/model/figure/Rectangle.java, line=80"
"main", "132", "se/hig/oodp/lab/model/figure/Rectangle.java:80", "Field Read", " context=se.hig.oodp.lab.model.simplefigure.SimpleFigure:1, position"
"main", "133", "se/hig/oodp/lab/model/figure/Rectangle.java:80", "Method Call", " caller=se.hig.oodp.lab.model.figure.Rectangle:1#calculateVerticesFromCenter:1, target=se.hig.oodp.lab.model.Vertex2D:1#getY:1"
"main", "134", "se/hig/oodp/lab/model/Vertex2D.java:45", "Method Entered", " "
"main", "135", "se/hig/oodp/lab/model/Vertex2D.java:47", "Line Step", " file=se/hig/oodp/lab/model/Vertex2D.java, line=47"
"main", "136", "se/hig/oodp/lab/model/Vertex2D.java:47", "Field Read", " context=se.hig.oodp.lab.model.Vertex2D:1, y"
"main", "137", "se/hig/oodp/lab/model/Vertex2D.java:47", "Variable Write", " context=se.hig.oodp.lab.model.Vertex2D:1#getY:1, result=2.0"
"main", "138", "se/hig/oodp/lab/model/Vertex2D.java:47", "Method Exit", " returner=se.hig.oodp.lab.model.Vertex2D:1#getY:1, value=2.0"
"main", "139", "se/hig/oodp/lab/model/figure/Rectangle.java:80", "Method Returned", " "
"main", "140", "se/hig/oodp/lab/model/figure/Rectangle.java:80", "Line Step", " file=se/hig/oodp/lab/model/figure/Rectangle.java, line=80"
"main", "141", "se/hig/oodp/lab/model/figure/Rectangle.java:80", "Variable Write", " context=se.hig.oodp.lab.model.figure.Rectangle:1#calculateVerticesFromCenter:1, yCenter=2.0"
"main", "142", "se/hig/oodp/lab/model/figure/Rectangle.java:81", "Line Step", " file=se/hig/oodp/lab/model/figure/Rectangle.java, line=81"
"main", "143", "se/hig/oodp/lab/model/figure/Rectangle.java:81", "New Object", " object=se.hig.oodp.lab.model.Vertex2D:2"
"main", "144", "se/hig/oodp/lab/model/figure/Rectangle.java:81", "Method Call", " caller=se.hig.oodp.lab.model.figure.Rectangle:1#calculateVerticesFromCenter:1, target=se.hig.oodp.lab.model.Vertex2D:2#se.hig.oodp.lab.model.Vertex2D:2"
"main", "145", "se/hig/oodp/lab/model/Vertex2D.java:24", "Method Entered", " "
"main", "146", "se/hig/oodp/lab/model/Vertex2D.java:24", "Variable Write", " context=se.hig.oodp.lab.model.Vertex2D:2#se.hig.oodp.lab.model.Vertex2D:2, x=-1.5"
"main", "147", "se/hig/oodp/lab/model/Vertex2D.java:24", "Variable Write", " context=se.hig.oodp.lab.model.Vertex2D:2#se.hig.oodp.lab.model.Vertex2D:2, y=1.5"
"main", "148", "se/hig/oodp/lab/model/Vertex2D.java:24", "Line Step", " file=se/hig/oodp/lab/model/Vertex2D.java, line=24"
"main", "149", "se/hig/oodp/lab/model/Vertex2D.java:26", "Line Step", " file=se/hig/oodp/lab/model/Vertex2D.java, line=26"
"main", "150", "se/hig/oodp/lab/model/Vertex2D.java:26", "Field Write", " context=se.hig.oodp.lab.model.Vertex2D:2, x=-1.5"
"main", "151", "se/hig/oodp/lab/model/Vertex2D.java:27", "Line Step", " file=se/hig/oodp/lab/model/Vertex2D.java, line=27"
"main", "152", "se/hig/oodp/lab/model/Vertex2D.java:27", "Field Write", " context=se.hig.oodp.lab.model.Vertex2D:2, y=1.5"
"main", "153", "se/hig/oodp/lab/model/Vertex2D.java:28", "Line Step", " file=se/hig/oodp/lab/model/Vertex2D.java, line=28"
"main", "154", "se/hig/oodp/lab/model/Vertex2D.java:28", "Method Exit", " returner=se.hig.oodp.lab.model.Vertex2D:2#se.hig.oodp.lab.model.Vertex2D:2, value=<void>"
"main", "155", "se/hig/oodp/lab/model/figure/Rectangle.java:81", "Method Returned", " "
"main", "156", "se/hig/oodp/lab/model/figure/Rectangle.java:81", "Line Step", " file=se/hig/oodp/lab/model/figure/Rectangle.java, line=81"
"main", "157", "se/hig/oodp/lab/model/figure/Rectangle.java:81", "Field Write", " context=se.hig.oodp.lab.model.figure.Rectangle:1, v0=se.hig.oodp.lab.model.Vertex2D:2"
"main", "158", "se/hig/oodp/lab/model/figure/Rectangle.java:82", "Line Step", " file=se/hig/oodp/lab/model/figure/Rectangle.java, line=82"
"main", "159", "se/hig/oodp/lab/model/figure/Rectangle.java:82", "New Object", " object=se.hig.oodp.lab.model.Vertex2D:3"
"main", "160", "se/hig/oodp/lab/model/figure/Rectangle.java:82", "Method Call", " caller=se.hig.oodp.lab.model.figure.Rectangle:1#calculateVerticesFromCenter:1, target=se.hig.oodp.lab.model.Vertex2D:3#se.hig.oodp.lab.model.Vertex2D:3"
"main", "161", "se/hig/oodp/lab/model/Vertex2D.java:24", "Method Entered", " "
"main", "162", "se/hig/oodp/lab/model/Vertex2D.java:24", "Variable Write", " context=se.hig.oodp.lab.model.Vertex2D:3#se.hig.oodp.lab.model.Vertex2D:3, x=-2.5"
"main", "163", "se/hig/oodp/lab/model/Vertex2D.java:24", "Variable Write", " context=se.hig.oodp.lab.model.Vertex2D:3#se.hig.oodp.lab.model.Vertex2D:3, y=1.5"
"main", "164", "se/hig/oodp/lab/model/Vertex2D.java:24", "Line Step", " file=se/hig/oodp/lab/model/Vertex2D.java, line=24"
"main", "165", "se/hig/oodp/lab/model/Vertex2D.java:26", "Line Step", " file=se/hig/oodp/lab/model/Vertex2D.java, line=26"
"main", "166", "se/hig/oodp/lab/model/Vertex2D.java:26", "Field Write", " context=se.hig.oodp.lab.model.Vertex2D:3, x=-2.5"
"main", "167", "se/hig/oodp/lab/model/Vertex2D.java:27", "Line Step", " file=se/hig/oodp/lab/model/Vertex2D.java, line=27"
"main", "168", "se/hig/oodp/lab/model/Vertex2D.java:27", "Field Write", " context=se.hig.oodp.lab.model.Vertex2D:3, y=1.5"
"main", "169", "se/hig/oodp/lab/model/Vertex2D.java:28", "Line Step", " file=se/hig/oodp/lab/model/Vertex2D.java, line=28"
"main", "170", "se/hig/oodp/lab/model/Vertex2D.java:28", "Method Exit", " returner=se.hig.oodp.lab.model.Vertex2D:3#se.hig.oodp.lab.model.Vertex2D:3, value=<void>"
"main", "171", "se/hig/oodp/lab/model/figure/Rectangle.java:82", "Method Returned", " "
"main", "172", "se/hig/oodp/lab/model/figure/Rectangle.java:82", "Line Step", " file=se/hig/oodp/lab/model/figure/Rectangle.java, line=82"
"main", "173", "se/hig/oodp/lab/model/figure/Rectangle.java:82", "Field Write", " context=se.hig.oodp.lab.model.figure.Rectangle:1, v1=se.hig.oodp.lab.model.Vertex2D:3"
"main", "174", "se/hig/oodp/lab/model/figure/Rectangle.java:83", "Line Step", " file=se/hig/oodp/lab/model/figure/Rectangle.java, line=83"
"main", "175", "se/hig/oodp/lab/model/figure/Rectangle.java:83", "New Object", " object=se.hig.oodp.lab.model.Vertex2D:4"
"main", "176", "se/hig/oodp/lab/model/figure/Rectangle.java:83", "Method Call", " caller=se.hig.oodp.lab.model.figure.Rectangle:1#calculateVerticesFromCenter:1, target=se.hig.oodp.lab.model.Vertex2D:4#se.hig.oodp.lab.model.Vertex2D:4"
"main", "177", "se/hig/oodp/lab/model/Vertex2D.java:24", "Method Entered", " "
"main", "178", "se/hig/oodp/lab/model/Vertex2D.java:24", "Variable Write", " context=se.hig.oodp.lab.model.Vertex2D:4#se.hig.oodp.lab.model.Vertex2D:4, x=-2.5"
"main", "179", "se/hig/oodp/lab/model/Vertex2D.java:24", "Variable Write", " context=se.hig.oodp.lab.model.Vertex2D:4#se.hig.oodp.lab.model.Vertex2D:4, y=2.5"
"main", "180", "se/hig/oodp/lab/model/Vertex2D.java:24", "Line Step", " file=se/hig/oodp/lab/model/Vertex2D.java, line=24"
"main", "181", "se/hig/oodp/lab/model/Vertex2D.java:26", "Line Step", " file=se/hig/oodp/lab/model/Vertex2D.java, line=26"
"main", "182", "se/hig/oodp/lab/model/Vertex2D.java:26", "Field Write", " context=se.hig.oodp.lab.model.Vertex2D:4, x=-2.5"
"main", "183", "se/hig/oodp/lab/model/Vertex2D.java:27", "Line Step", " file=se/hig/oodp/lab/model/Vertex2D.java, line=27"
"main", "184", "se/hig/oodp/lab/model/Vertex2D.java:27", "Field Write", " context=se.hig.oodp.lab.model.Vertex2D:4, y=2.5"
"main", "185", "se/hig/oodp/lab/model/Vertex2D.java:28", "Line Step", " file=se/hig/oodp/lab/model/Vertex2D.java, line=28"
"main", "186", "se/hig/oodp/lab/model/Vertex2D.java:28", "Method Exit", " returner=se.hig.oodp.lab.model.Vertex2D:4#se.hig.oodp.lab.model.Vertex2D:4, value=<void>"
"main", "187", "se/hig/oodp/lab/model/figure/Rectangle.java:83", "Method Returned", " "
"main", "188", "se/hig/oodp/lab/model/figure/Rectangle.java:83", "Line Step", " file=se/hig/oodp/lab/model/figure/Rectangle.java, line=83"
"main", "189", "se/hig/oodp/lab/model/figure/Rectangle.java:83", "Field Write", " context=se.hig.oodp.lab.model.figure.Rectangle:1, v2=se.hig.oodp.lab.model.Vertex2D:4"
"main", "190", "se/hig/oodp/lab/model/figure/Rectangle.java:84", "Line Step", " file=se/hig/oodp/lab/model/figure/Rectangle.java, line=84"
"main", "191", "se/hig/oodp/lab/model/figure/Rectangle.java:84", "New Object", " object=se.hig.oodp.lab.model.Vertex2D:5"
"main", "192", "se/hig/oodp/lab/model/figure/Rectangle.java:84", "Method Call", " caller=se.hig.oodp.lab.model.figure.Rectangle:1#calculateVerticesFromCenter:1, target=se.hig.oodp.lab.model.Vertex2D:5#se.hig.oodp.lab.model.Vertex2D:5"
"main", "193", "se/hig/oodp/lab/model/Vertex2D.java:24", "Method Entered", " "
"main", "194", "se/hig/oodp/lab/model/Vertex2D.java:24", "Variable Write", " context=se.hig.oodp.lab.model.Vertex2D:5#se.hig.oodp.lab.model.Vertex2D:5, x=-1.5"
"main", "195", "se/hig/oodp/lab/model/Vertex2D.java:24", "Variable Write", " context=se.hig.oodp.lab.model.Vertex2D:5#se.hig.oodp.lab.model.Vertex2D:5, y=2.5"
"main", "196", "se/hig/oodp/lab/model/Vertex2D.java:24", "Line Step", " file=se/hig/oodp/lab/model/Vertex2D.java, line=24"
"main", "197", "se/hig/oodp/lab/model/Vertex2D.java:26", "Line Step", " file=se/hig/oodp/lab/model/Vertex2D.java, line=26"
"main", "198", "se/hig/oodp/lab/model/Vertex2D.java:26", "Field Write", " context=se.hig.oodp.lab.model.Vertex2D:5, x=-1.5"
"main", "199", "se/hig/oodp/lab/model/Vertex2D.java:27", "Line Step", " file=se/hig/oodp/lab/model/Vertex2D.java, line=27"
"main", "200", "se/hig/oodp/lab/model/Vertex2D.java:27", "Field Write", " context=se.hig.oodp.lab.model.Vertex2D:5, y=2.5"
"main", "201", "se/hig/oodp/lab/model/Vertex2D.java:28", "Line Step", " file=se/hig/oodp/lab/model/Vertex2D.java, line=28"
"main", "202", "se/hig/oodp/lab/model/Vertex2D.java:28", "Method Exit", " returner=se.hig.oodp.lab.model.Vertex2D:5#se.hig.oodp.lab.model.Vertex2D:5, value=<void>"
"main", "203", "se/hig/oodp/lab/model/figure/Rectangle.java:84", "Method Returned", " "
"main", "204", "se/hig/oodp/lab/model/figure/Rectangle.java:84", "Line Step", " file=se/hig/oodp/lab/model/figure/Rectangle.java, line=84"
"main", "205", "se/hig/oodp/lab/model/figure/Rectangle.java:84", "Field Write", " context=se.hig.oodp.lab.model.figure.Rectangle:1, v3=se.hig.oodp.lab.model.Vertex2D:5"
"main", "206", "se/hig/oodp/lab/model/figure/Rectangle.java:85", "Line Step", " file=se/hig/oodp/lab/model/figure/Rectangle.java, line=85"
"main", "207", "se/hig/oodp/lab/model/figure/Rectangle.java:85", "Method Exit", " returner=se.hig.oodp.lab.model.figure.Rectangle:1#calculateVerticesFromCenter:1, value=<void>"
"main", "208", "se/hig/oodp/lab/model/figure/Rectangle.java:38", "Method Returned", " "
"main", "209", "se/hig/oodp/lab/model/figure/Rectangle.java:39", "Line Step", " file=se/hig/oodp/lab/model/figure/Rectangle.java, line=39"
"main", "210", "se/hig/oodp/lab/model/figure/Rectangle.java:39", "Field Read", " context=se.hig.oodp.lab.model.figure.Rectangle:1, v0"
"main", "211", "se/hig/oodp/lab/model/figure/Rectangle.java:39", "Field Read", " context=se.hig.oodp.lab.model.figure.Rectangle:1, v1"
"main", "212", "se/hig/oodp/lab/model/figure/Rectangle.java:39", "Field Read", " context=se.hig.oodp.lab.model.figure.Rectangle:1, v2"
"main", "213", "se/hig/oodp/lab/model/figure/Rectangle.java:39", "Field Read", " context=se.hig.oodp.lab.model.figure.Rectangle:1, v3"
"main", "214", "se/hig/oodp/lab/model/figure/Rectangle.java:39", "Method Call", " caller=se.hig.oodp.lab.model.figure.Rectangle:1#se.hig.oodp.lab.model.figure.Rectangle:1, target=se.hig.oodp.lab.model.figure.Figure:1#addVerticesToList:1"
"main", "215", "se/hig/oodp/lab/model/figure/Figure.java:118", "Method Entered", " "
"main", "216", "se/hig/oodp/lab/model/figure/Figure.java:118", "New Object", " object=se.hig.oodp.lab.model.Vertex2D[]:1"
"main", "217", "se/hig/oodp/lab/model/figure/Figure.java:118", "Field Write", " context=se.hig.oodp.lab.model.Vertex2D[]:1, 0=se.hig.oodp.lab.model.Vertex2D:2"
"main", "218", "se/hig/oodp/lab/model/figure/Figure.java:118", "Field Write", " context=se.hig.oodp.lab.model.Vertex2D[]:1, 1=se.hig.oodp.lab.model.Vertex2D:3"
"main", "219", "se/hig/oodp/lab/model/figure/Figure.java:118", "Field Write", " context=se.hig.oodp.lab.model.Vertex2D[]:1, 2=se.hig.oodp.lab.model.Vertex2D:4"
"main", "220", "se/hig/oodp/lab/model/figure/Figure.java:118", "Field Write", " context=se.hig.oodp.lab.model.Vertex2D[]:1, 3=se.hig.oodp.lab.model.Vertex2D:5"
"main", "221", "se/hig/oodp/lab/model/figure/Figure.java:118", "Variable Write", " context=se.hig.oodp.lab.model.figure.Figure:1#addVerticesToList:1, newVertices=se.hig.oodp.lab.model.Vertex2D[]:1"
"main", "222", "se/hig/oodp/lab/model/figure/Figure.java:120", "Line Step", " file=se/hig/oodp/lab/model/figure/Figure.java, line=120"
"main", "223", "se/hig/oodp/lab/model/figure/Figure.java:120", "Variable Write", " context=se.hig.oodp.lab.model.figure.Figure:1#addVerticesToList:1, i=0"
"main", "224", "se/hig/oodp/lab/model/figure/Figure.java:121", "Line Step", " file=se/hig/oodp/lab/model/figure/Figure.java, line=121"
"main", "225", "se/hig/oodp/lab/model/figure/Figure.java:124", "Line Step", " file=se/hig/oodp/lab/model/figure/Figure.java, line=124"
"main", "226", "se/hig/oodp/lab/model/figure/Figure.java:124", "Field Read", " context=se.hig.oodp.lab.model.figure.Figure:1, vertices"
"main", "227", "se/hig/oodp/lab/model/figure/Figure.java:125", "Line Step", " file=se/hig/oodp/lab/model/figure/Figure.java, line=125"
"main", "228", "SYSTEM", "Type Load", " class=se.hig.oodp.lab.utility.DebugLogger"
"main", "229", "SYSTEM", "Method Call", " caller=se.hig.oodp.lab.model.figure.Figure:1#addVerticesToList:1, target=se.hig.oodp.lab.utility.DebugLogger#<clinit>:1"
"main", "230", "se/hig/oodp/lab/utility/DebugLogger.java:19", "Method Entered", " "
"main", "231", "se/hig/oodp/lab/utility/DebugLogger.java:21", "Field Write", " context=se.hig.oodp.lab.utility.DebugLogger, log=java.util.logging.Logger (id=74)"
"main", "232", "se/hig/oodp/lab/utility/DebugLogger.java:22", "Field Write", " context=se.hig.oodp.lab.utility.DebugLogger, logHandler=java.util.logging.ConsoleHandler (id=76)"
"main", "233", "se/hig/oodp/lab/utility/DebugLogger.java:22", "Method Exit", " returner=se.hig.oodp.lab.utility.DebugLogger#<clinit>:1, value=<void>"
"main", "234", "SYSTEM", "Method Returned", " "
"main", "235", "se/hig/oodp/lab/model/figure/Figure.java:125", "Field Read", " context=se.hig.oodp.lab.utility.DebugLogger, log"
"main", "236", "se/hig/oodp/lab/model/figure/Figure.java:125", "Method Call", " caller=se.hig.oodp.lab.model.figure.Figure:1#addVerticesToList:1, target=se.hig.oodp.lab.model.Vertex2D:2#toString:1"
"main", "237", "se/hig/oodp/lab/model/Vertex2D.java:149", "Method Entered", " "
"main", "238", "se/hig/oodp/lab/model/Vertex2D.java:151", "Line Step", " file=se/hig/oodp/lab/model/Vertex2D.java, line=151"
"main", "239", "se/hig/oodp/lab/model/Vertex2D.java:151", "Field Read", " context=se.hig.oodp.lab.model.Vertex2D:2, x"
"main", "240", "se/hig/oodp/lab/model/Vertex2D.java:151", "Field Read", " context=se.hig.oodp.lab.model.Vertex2D:2, y"
"main", "241", "se/hig/oodp/lab/model/Vertex2D.java:151", "Variable Write", " context=se.hig.oodp.lab.model.Vertex2D:2#toString:1, result=""(-1.5, 1.5)"""
"main", "242", "se/hig/oodp/lab/model/Vertex2D.java:151", "Method Exit", " returner=se.hig.oodp.lab.model.Vertex2D:2#toString:1, value=""(-1.5, 1.5)"""
"main", "243", "se/hig/oodp/lab/model/figure/Figure.java:125", "Method Returned", " "
"main", "244", "se/hig/oodp/lab/model/figure/Figure.java:125", "Line Step", " file=se/hig/oodp/lab/model/figure/Figure.java, line=125"
"main", "245", "se/hig/oodp/lab/model/figure/Figure.java:120", "Line Step", " file=se/hig/oodp/lab/model/figure/Figure.java, line=120"
"main", "246", "se/hig/oodp/lab/model/figure/Figure.java:120", "Variable Write", " context=se.hig.oodp.lab.model.figure.Figure:1#addVerticesToList:1, i=1"
"main", "247", "se/hig/oodp/lab/model/figure/Figure.java:121", "Line Step", " file=se/hig/oodp/lab/model/figure/Figure.java, line=121"
"main", "248", "se/hig/oodp/lab/model/figure/Figure.java:124", "Line Step", " file=se/hig/oodp/lab/model/figure/Figure.java, line=124"
"main", "249", "se/hig/oodp/lab/model/figure/Figure.java:124", "Field Read", " context=se.hig.oodp.lab.model.figure.Figure:1, vertices"
"main", "250", "se/hig/oodp/lab/model/figure/Figure.java:125", "Line Step", " file=se/hig/oodp/lab/model/figure/Figure.java, line=125"
"main", "251", "se/hig/oodp/lab/model/figure/Figure.java:125", "Field Read", " context=se.hig.oodp.lab.utility.DebugLogger, log"
"main", "252", "se/hig/oodp/lab/model/figure/Figure.java:125", "Method Call", " caller=se.hig.oodp.lab.model.figure.Figure:1#addVerticesToList:1, target=se.hig.oodp.lab.model.Vertex2D:3#toString:2"
"main", "253", "se/hig/oodp/lab/model/Vertex2D.java:149", "Method Entered", " "
"main", "254", "se/hig/oodp/lab/model/Vertex2D.java:151", "Line Step", " file=se/hig/oodp/lab/model/Vertex2D.java, line=151"
"main", "255", "se/hig/oodp/lab/model/Vertex2D.java:151", "Field Read", " context=se.hig.oodp.lab.model.Vertex2D:3, x"
"main", "256", "se/hig/oodp/lab/model/Vertex2D.java:151", "Field Read", " context=se.hig.oodp.lab.model.Vertex2D:3, y"
"main", "257", "se/hig/oodp/lab/model/Vertex2D.java:151", "Variable Write", " context=se.hig.oodp.lab.model.Vertex2D:3#toString:2, result=""(-2.5, 1.5)"""
"main", "258", "se/hig/oodp/lab/model/Vertex2D.java:151", "Method Exit", " returner=se.hig.oodp.lab.model.Vertex2D:3#toString:2, value=""(-2.5, 1.5)"""
"main", "259", "se/hig/oodp/lab/model/figure/Figure.java:125", "Method Returned", " "
"main", "260", "se/hig/oodp/lab/model/figure/Figure.java:125", "Line Step", " file=se/hig/oodp/lab/model/figure/Figure.java, line=125"
"main", "261", "se/hig/oodp/lab/model/figure/Figure.java:120", "Line Step", " file=se/hig/oodp/lab/model/figure/Figure.java, line=120"
"main", "262", "se/hig/oodp/lab/model/figure/Figure.java:120", "Variable Write", " context=se.hig.oodp.lab.model.figure.Figure:1#addVerticesToList:1, i=2"
"main", "263", "se/hig/oodp/lab/model/figure/Figure.java:121", "Line Step", " file=se/hig/oodp/lab/model/figure/Figure.java, line=121"
"main", "264", "se/hig/oodp/lab/model/figure/Figure.java:124", "Line Step", " file=se/hig/oodp/lab/model/figure/Figure.java, line=124"
"main", "265", "se/hig/oodp/lab/model/figure/Figure.java:124", "Field Read", " context=se.hig.oodp.lab.model.figure.Figure:1, vertices"
"main", "266", "se/hig/oodp/lab/model/figure/Figure.java:125", "Line Step", " file=se/hig/oodp/lab/model/figure/Figure.java, line=125"
"main", "267", "se/hig/oodp/lab/model/figure/Figure.java:125", "Field Read", " context=se.hig.oodp.lab.utility.DebugLogger, log"
"main", "268", "se/hig/oodp/lab/model/figure/Figure.java:125", "Method Call", " caller=se.hig.oodp.lab.model.figure.Figure:1#addVerticesToList:1, target=se.hig.oodp.lab.model.Vertex2D:4#toString:3"
"main", "269", "se/hig/oodp/lab/model/Vertex2D.java:149", "Method Entered", " "
"main", "270", "se/hig/oodp/lab/model/Vertex2D.java:151", "Line Step", " file=se/hig/oodp/lab/model/Vertex2D.java, line=151"
"main", "271", "se/hig/oodp/lab/model/Vertex2D.java:151", "Field Read", " context=se.hig.oodp.lab.model.Vertex2D:4, x"
"main", "272", "se/hig/oodp/lab/model/Vertex2D.java:151", "Field Read", " context=se.hig.oodp.lab.model.Vertex2D:4, y"
"main", "273", "se/hig/oodp/lab/model/Vertex2D.java:151", "Variable Write", " context=se.hig.oodp.lab.model.Vertex2D:4#toString:3, result=""(-2.5, 2.5)"""
"main", "274", "se/hig/oodp/lab/model/Vertex2D.java:151", "Method Exit", " returner=se.hig.oodp.lab.model.Vertex2D:4#toString:3, value=""(-2.5, 2.5)"""
"main", "275", "se/hig/oodp/lab/model/figure/Figure.java:125", "Method Returned", " "
"main", "276", "se/hig/oodp/lab/model/figure/Figure.java:125", "Line Step", " file=se/hig/oodp/lab/model/figure/Figure.java, line=125"
"main", "277", "se/hig/oodp/lab/model/figure/Figure.java:120", "Line Step", " file=se/hig/oodp/lab/model/figure/Figure.java, line=120"
"main", "278", "se/hig/oodp/lab/model/figure/Figure.java:120", "Variable Write", " context=se.hig.oodp.lab.model.figure.Figure:1#addVerticesToList:1, i=3"
"main", "279", "se/hig/oodp/lab/model/figure/Figure.java:121", "Line Step", " file=se/hig/oodp/lab/model/figure/Figure.java, line=121"
"main", "280", "se/hig/oodp/lab/model/figure/Figure.java:124", "Line Step", " file=se/hig/oodp/lab/model/figure/Figure.java, line=124"
"main", "281", "se/hig/oodp/lab/model/figure/Figure.java:124", "Field Read", " context=se.hig.oodp.lab.model.figure.Figure:1, vertices"
"main", "282", "se/hig/oodp/lab/model/figure/Figure.java:125", "Line Step", " file=se/hig/oodp/lab/model/figure/Figure.java, line=125"
"main", "283", "se/hig/oodp/lab/model/figure/Figure.java:125", "Field Read", " context=se.hig.oodp.lab.utility.DebugLogger, log"
"main", "284", "se/hig/oodp/lab/model/figure/Figure.java:125", "Method Call", " caller=se.hig.oodp.lab.model.figure.Figure:1#addVerticesToList:1, target=se.hig.oodp.lab.model.Vertex2D:5#toString:4"
"main", "285", "se/hig/oodp/lab/model/Vertex2D.java:149", "Method Entered", " "
"main", "286", "se/hig/oodp/lab/model/Vertex2D.java:151", "Line Step", " file=se/hig/oodp/lab/model/Vertex2D.java, line=151"
"main", "287", "se/hig/oodp/lab/model/Vertex2D.java:151", "Field Read", " context=se.hig.oodp.lab.model.Vertex2D:5, x"
"main", "288", "se/hig/oodp/lab/model/Vertex2D.java:151", "Field Read", " context=se.hig.oodp.lab.model.Vertex2D:5, y"
"main", "289", "se/hig/oodp/lab/model/Vertex2D.java:151", "Variable Write", " context=se.hig.oodp.lab.model.Vertex2D:5#toString:4, result=""(-1.5, 2.5)"""
"main", "290", "se/hig/oodp/lab/model/Vertex2D.java:151", "Method Exit", " returner=se.hig.oodp.lab.model.Vertex2D:5#toString:4, value=""(-1.5, 2.5)"""
"main", "291", "se/hig/oodp/lab/model/figure/Figure.java:125", "Method Returned", " "
"main", "292", "se/hig/oodp/lab/model/figure/Figure.java:125", "Line Step", " file=se/hig/oodp/lab/model/figure/Figure.java, line=125"
"main", "293", "se/hig/oodp/lab/model/figure/Figure.java:120", "Line Step", " file=se/hig/oodp/lab/model/figure/Figure.java, line=120"
"main", "294", "se/hig/oodp/lab/model/figure/Figure.java:127", "Line Step", " file=se/hig/oodp/lab/model/figure/Figure.java, line=127"
"main", "295", "se/hig/oodp/lab/model/figure/Figure.java:127", "Method Exit", " returner=se.hig.oodp.lab.model.figure.Figure:1#addVerticesToList:1, value=<void>"
"main", "296", "se/hig/oodp/lab/model/figure/Rectangle.java:39", "Method Returned", " "
"main", "297", "se/hig/oodp/lab/model/figure/Rectangle.java:40", "Line Step", " file=se/hig/oodp/lab/model/figure/Rectangle.java, line=40"
"main", "298", "se/hig/oodp/lab/model/figure/Rectangle.java:40", "Method Exit", " returner=se.hig.oodp.lab.model.figure.Rectangle:1#se.hig.oodp.lab.model.figure.Rectangle:1, value=<void>"
"main", "299", "se/hig/oodp/lab/control/implementation/FigureHandlerImpl.java:102", "Method Returned", " "
"main", "300", "se/hig/oodp/lab/control/implementation/FigureHandlerImpl.java:102", "Line Step", " file=se/hig/oodp/lab/control/implementation/FigureHandlerImpl.java, line=102"
"main", "301", "se/hig/oodp/lab/control/implementation/FigureHandlerImpl.java:102", "Variable Write", " context=se.hig.oodp.lab.control.implementation.FigureHandlerImpl:1#createRectangle:1, r=se.hig.oodp.lab.model.figure.Rectangle:1"
"main", "302", "se/hig/oodp/lab/control/implementation/FigureHandlerImpl.java:104", "Line Step", " file=se/hig/oodp/lab/control/implementation/FigureHandlerImpl.java, line=104"
"main", "303", "se/hig/oodp/lab/control/implementation/FigureHandlerImpl.java:104", "Field Read", " context=se.hig.oodp.lab.control.implementation.FigureHandlerImpl:1, allFigures"
"main", "304", "se/hig/oodp/lab/control/implementation/FigureHandlerImpl.java:105", "Line Step", " file=se/hig/oodp/lab/control/implementation/FigureHandlerImpl.java, line=105"
"main", "305", "se/hig/oodp/lab/control/implementation/FigureHandlerImpl.java:105", "Field Read", " context=se.hig.oodp.lab.control.implementation.FigureHandlerImpl:1, movableFigures"
"main", "306", "se/hig/oodp/lab/control/implementation/FigureHandlerImpl.java:106", "Line Step", " file=se/hig/oodp/lab/control/implementation/FigureHandlerImpl.java, line=106"
"main", "307", "se/hig/oodp/lab/control/implementation/FigureHandlerImpl.java:106", "Field Read", " context=se.hig.oodp.lab.control.implementation.FigureHandlerImpl:1, rotatableFigures"
"main", "308", "se/hig/oodp/lab/control/implementation/FigureHandlerImpl.java:107", "Line Step", " file=se/hig/oodp/lab/control/implementation/FigureHandlerImpl.java, line=107"
"main", "309", "se/hig/oodp/lab/control/implementation/FigureHandlerImpl.java:107", "Field Read", " context=se.hig.oodp.lab.control.implementation.FigureHandlerImpl:1, scalableFigures"
"main", "310", "se/hig/oodp/lab/control/implementation/FigureHandlerImpl.java:109", "Line Step", " file=se/hig/oodp/lab/control/implementation/FigureHandlerImpl.java, line=109"
"main", "311", "se/hig/oodp/lab/control/implementation/FigureHandlerImpl.java:109", "Field Read", " context=se.hig.oodp.lab.utility.DebugLogger, log"
"main", "312", "se/hig/oodp/lab/control/implementation/FigureHandlerImpl.java:110", "Line Step", " file=se/hig/oodp/lab/control/implementation/FigureHandlerImpl.java, line=110"
"main", "313", "se/hig/oodp/lab/control/implementation/FigureHandlerImpl.java:110", "Method Exit", " returner=se.hig.oodp.lab.control.implementation.FigureHandlerImpl:1#createRectangle:1, value=<void>"
"main", "314", "se/hig/oodp/lab/control/test/FigureHandlerTest.java:30", "Method Returned", " "
"main", "315", "se/hig/oodp/lab/control/test/FigureHandlerTest.java:38", "Line Step", " file=se/hig/oodp/lab/control/test/FigureHandlerTest.java, line=38"
"main", "316", "se/hig/oodp/lab/control/test/FigureHandlerTest.java:38", "Method Exit", " returner=se.hig.oodp.lab.control.test.FigureHandlerTest#main:1, value=<void>"
"main", "317", "se/hig/oodp/lab/control/test/FigureHandlerTest.java:26", "Method Returned", " "
"main", "318", "SYSTEM", "Thread End", " "
"SYSTEM", "319", "SYSTEM", "System End", " "
